Codon;Full Name;Abbreviation (3 Letter);Abbreviation (1 Letter)
UUU;Phenylalanine;Phe;F
UUC;Phenylalanine;Phe;F
UUA;Leucine;Leu;L
UUG;Leucine;Leu;L
UCU;Serine;Ser;S
UCC;Serine;Ser;S
UCA;Serine;Ser;S
UCG;Serine;Ser;S
UAU;Tyrosine;Tyr;Y
UAC;Tyrosine;Tyr;Y
UAA;stop;Ter;X
UAG;stop;Ter;X
UGU;Cysteine;Cys;C
UGC;Cysteine;Cys;C
UGA;stop;Ter;X
UGG;Tryptophan;Trp;W
CUU;Leucine;Leu;L
CUC;Leucine;Leu;L
CUA;Leucine;Leu;L
CUG;Leucine;Leu;L
CCU;Proline;Pro;P
CCC;Proline;Pro;P
CCA;Proline;Pro;P
CCG;Proline;Pro;P
CAU;Histidine;His;H
CAC;Histidine;His;H
CAA;Glutamine;Gln;Q
CAG;Glutamine;Gln;Q
CGU;Arginine;Arg;R
CGC;Arginine;Arg;R
CGA;Arginine;Arg;R
CGG;Arginine;Arg;R
AUU;Isoleucine;Ile;I
AUC;Isoleucine;Ile;I
AUA;Isoleucine;Ile;I
AUG;Methionine;Met;M
ACU;Threonine;Thr;T
ACC;Threonine;Thr;T
ACA;Threonine;Thr;T
ACG;Threonine;Thr;T
AAU;Asparagine;Asn;N
AAC;Asparagine;Asn;N
AAA;Lysine;Lys;K
AAG;Lysine;Lys;K
AGU;Serine;Ser;S
AGC;Serine;Ser;S
AGA;Arginine;Arg;R
AGG;Arginine;Arg;R
GUU;Valine;Val;V
GUC;Valine;Val;V
GUA;Valine;Val;V
GUG;Valine;Val;V
GCU;Alanine;Ala;A
GCC;Alanine;Ala;A
GCA;Alanine;Ala;A
GCG;Alanine;Ala;A
GAU;Aspartate;Asp;D
GAC;Aspartate;Asp;D
GAA;Glutamate;Glu;E
GAG;Glutamate;Glu;E
GGU;Glycine;Gly;G
GGC;Glycine;Gly;G
GGA;Glycine;Gly;G
GGG;Glycine;Gly;G
